[
  {
    "pt_pin": "jd_67d878a27ccbf",
    "remarks": "大号",
    "address": {
      "receiver": "张继虎",
      "phone": "18102909619",
      "province": "浙江省",
      "city": "杭州市",
      "county": "钱塘区",
      "address": "下沙新溢苑小区9幢3单元菜鸟驿站",
      "postalCode": "310020",
      "areaCode": "330114"
    }
  },
  {
    "pt_pin": "qq2549",
    "remarks": "小号",
    "address": {
      "receiver": "张继虎",
      "phone": "18102909619",
      "province": "浙江省",
      "city": "杭州市",
      "county": "钱塘区",
      "address": "下沙新溢苑小区9幢3单元菜鸟驿站",
      "postalCode": "310020",
      "areaCode": "330114"
    }
  }
]