2023-12-02 17:30:48.744,回力玩具车,jd_iBBZjNbxODEM,18102909619,浙江杭州市钱塘区下沙街道 浙江省杭州市钱塘区下沙新溢苑小区9幢3单元菜鸟驿站,M幸运抽奖,孩乐童官方旗舰店,https://lzkj-isv.isvjcloud.com/prod/cc/interactsaas/index?activityType=10021&activityId=1730496372739190785&templateId=20210527190900dazhuanpan011&nodeId=101001&prd=cjwx
2023-12-04 11:18:49.394,腾讯视频SVIP月卡,jd_yGrbkdyuuMVm,18102909619,下沙新溢苑小区9幢3单元菜鸟驿站,M打豆豆,腾讯极光京东自营旗舰店,https://lzkj-isv.isvjcloud.com/wxgame/activity/7d77dd9caf16432cac8894e644bf146f?activityId=7d77dd9caf16432cac8894e644bf146f
2023-12-04 11:25:30.611,腾讯视频SVIP月卡,jd_73a214a951ff9,18102909619,下沙新溢苑小区9幢3单元菜鸟驿站,M打豆豆,腾讯极光京东自营旗舰店,https://lzkj-isv.isvjcloud.com/wxgame/activity/7d77dd9caf16432cac8894e644bf146f?activityId=7d77dd9caf16432cac8894e644bf146f
2023-12-04 11:30:33.808,腾讯视频SVIP月卡,jd_UlZBMtihFCkY,18102909619,下沙新溢苑小区9幢3单元菜鸟驿站,M打豆豆,腾讯极光京东自营旗舰店,https://lzkj-isv.isvjcloud.com/wxgame/activity/7d77dd9caf16432cac8894e644bf146f?activityId=7d77dd9caf16432cac8894e644bf146f
2023-12-04 11:34:22.537,腾讯视频SVIP月卡,jd_6ac74d44de4e4,18102909619,下沙新溢苑小区9幢3单元菜鸟驿站,M打豆豆,腾讯极光京东自营旗舰店,https://lzkj-isv.isvjcloud.com/wxgame/activity/7d77dd9caf16432cac8894e644bf146f?activityId=7d77dd9caf16432cac8894e644bf146f
2023-12-07 12:15:27.508,会员0元锁定12.12权益,百雀羚旗舰店,qq2549,18102909619,下沙新溢苑小区9幢3单元菜鸟驿站,M积分兑换,https://cjhy-isv.isvjcloud.com/mc/wxPointShopView/pointExgShiWu?venderId=619422&giftId=33e91c0ebfb247c18f82e3f67fbe842a&giftType=3
2023-12-07 13:18:06.408,万达影城34.9元起观影,wdobxVPFtyILVV,18102909619,下沙新溢苑小区9幢3单元菜鸟驿站,M幸运抽奖,ThinkBook京东自营旗舰店,https://lzkj-isv.isvjcloud.com/lzclient/eb0e7c86347942a59edd323bfbb3730a/cjwx/common/entry.html?activityId=eb0e7c86347942a59edd323bfbb3730a&gameType=wxTurnTable
2023-12-07 13:18:24.711,轻喜到家单次保洁60元满,jd_45c803bca69c1,18102909619,下沙新溢苑小区9幢3单元菜鸟驿站,M幸运抽奖,ThinkBook京东自营旗舰店,https://lzkj-isv.isvjcloud.com/lzclient/eb0e7c86347942a59edd323bfbb3730a/cjwx/common/entry.html?activityId=eb0e7c86347942a59edd323bfbb3730a&gameType=wxTurnTable
2023-12-07 14:26:14.793,乐缔儿童画画套装,jd_45c803bca69c1,18102909619,下沙新溢苑小区9幢3单元菜鸟驿站,M幸运抽奖,QQ星儿童牛奶京东自营旗舰店,https://lzkj-isv.isvjcloud.com/wxDrawActivity/activity/a1d4f2889b6c44ec9be9b08731e540ea?activityId=a1d4f2889b6c44ec9be9b08731e540ea
2023-12-07 22:53:44.085,9元拍蜀之醇1瓶,wdobxVPFtyILVV,18102909619,下沙新溢苑小区9幢3单元菜鸟驿站,M幸运抽奖,泸州老窖浓香官方旗舰店,https://lzkj-isv.isvjcloud.com/lzclient/3356fa3327ba443da41f14776fd5a1cc/cjwx/common/entry.html?activityId=3356fa3327ba443da41f14776fd5a1cc&gameType=wxTurnTable
2023-12-09 06:51:15.987,95折,jd_YijHblGjIBtS,18102909619,下沙新溢苑小区9幢3单元菜鸟驿站,M幸运抽奖,立邦旗舰店,https://lzkj-isv.isvjcloud.com/lzclient/1a2a0b9273754786830c5caad53e624f/cjwx/common/entry.html?activityId=1a2a0b9273754786830c5caad53e624f&gameType=wxTurnTable&adsource=tg_storePage
2023-12-09 06:51:46.670,95折,jd_UlZBMtihFCkY,18102909619,下沙新溢苑小区9幢3单元菜鸟驿站,M幸运抽奖,立邦旗舰店,https://lzkj-isv.isvjcloud.com/lzclient/1a2a0b9273754786830c5caad53e624f/cjwx/common/entry.html?activityId=1a2a0b9273754786830c5caad53e624f&gameType=wxTurnTable&adsource=tg_storePage
2023-12-09 11:29:31.098,凌博士【会员试用】失重面霜1.2g*3不,凌博士官方旗舰店,jd_67d878a27ccbf,18102909619,下沙新溢苑小区9幢3单元菜鸟驿站,M积分兑换,https://cjhy-isv.isvjcloud.com/mc/wxPointShopView/pointExgShiWu?venderId=10828305&giftId=38002fe09f814e3c9808a87c1be724cc&giftType=3
2023-12-09 11:29:35.650,凌博士【会员试用】失重面霜1.2g*3不,凌博士官方旗舰店,qq2549,18102909619,下沙新溢苑小区9幢3单元菜鸟驿站,M积分兑换,https://cjhy-isv.isvjcloud.com/mc/wxPointShopView/pointExgShiWu?venderId=10828305&giftId=38002fe09f814e3c9808a87c1be724cc&giftType=3
2023-12-10 11:12:33.449,Crocs随机智必星,jd_slwXHhQeDxzl,18102909619,下沙新溢苑小区9幢3单元菜鸟驿站,M幸运抽奖,crocs旗舰店,https://lzkj-isv.isvjcloud.com/prod/cc/interactsaas/index?activityType=10026&activityId=1730060675472502786&templateId=20210518190900jfcj011&nodeId=101001&prd=cjwx&adsource=tg_storePage
2023-12-19 14:34:54.413,下单额外加赠取暖器,qq2549,18102909619,下沙新溢苑小区9幢3单元菜鸟驿站,M幸运抽奖,美的江苏旗舰店,https://lzkj-isv.isvjcloud.com/prod/cc/interactsaas/index?activityType=10021&activityId=1736992208860426242&templateId=20210527190900dazhuanpan011&nodeId=101001&prd=cjwx
2023-12-19 14:35:34.886,下单额外加赠空气炸锅,jd_67d878a27ccbf,18102909619,下沙新溢苑小区9幢3单元菜鸟驿站,M幸运抽奖,美的江苏旗舰店,https://lzkj-isv.isvjcloud.com/prod/cc/interactsaas/index?activityType=10021&activityId=1736992208860426242&templateId=20210527190900dazhuanpan011&nodeId=101001&prd=cjwx
2023-12-19 14:38:58.979,下单额外加赠空气炸锅,jd_slwXHhQeDxzl,18102909619,下沙新溢苑小区9幢3单元菜鸟驿站,M幸运抽奖,美的江苏旗舰店,https://lzkj-isv.isvjcloud.com/prod/cc/interactsaas/index?activityType=10021&activityId=1736992208860426242&templateId=20210527190900dazhuanpan011&nodeId=101001&prd=cjwx
2023-12-19 14:39:00.708,下单额外加赠取暖器,jd_slwXHhQeDxzl,18102909619,下沙新溢苑小区9幢3单元菜鸟驿站,M幸运抽奖,美的江苏旗舰店,https://lzkj-isv.isvjcloud.com/prod/cc/interactsaas/index?activityType=10021&activityId=1736992208860426242&templateId=20210527190900dazhuanpan011&nodeId=101001&prd=cjwx
2023-12-19 14:40:20.879,下单额外加赠空气炸锅,tongchunhu,18102909619,下沙新溢苑小区9幢3单元菜鸟驿站,M幸运抽奖,美的江苏旗舰店,https://lzkj-isv.isvjcloud.com/prod/cc/interactsaas/index?activityType=10021&activityId=1736992208860426242&templateId=20210527190900dazhuanpan011&nodeId=101001&prd=cjwx
2023-12-19 14:40:23.599,下单额外加赠取暖器,tongchunhu,18102909619,下沙新溢苑小区9幢3单元菜鸟驿站,M幸运抽奖,美的江苏旗舰店,https://lzkj-isv.isvjcloud.com/prod/cc/interactsaas/index?activityType=10021&activityId=1736992208860426242&templateId=20210527190900dazhuanpan011&nodeId=101001&prd=cjwx
2023-12-19 14:42:48.558,下单额外加赠空气炸锅,jd_72a052c17d004,18102909619,下沙新溢苑小区9幢3单元菜鸟驿站,M幸运抽奖,美的江苏旗舰店,https://lzkj-isv.isvjcloud.com/prod/cc/interactsaas/index?activityType=10021&activityId=1736992208860426242&templateId=20210527190900dazhuanpan011&nodeId=101001&prd=cjwx
2023-12-19 14:43:15.841,下单额外加赠空气炸锅,jd_yGrbkdyuuMVm,18102909619,下沙新溢苑小区9幢3单元菜鸟驿站,M幸运抽奖,美的江苏旗舰店,https://lzkj-isv.isvjcloud.com/prod/cc/interactsaas/index?activityType=10021&activityId=1736992208860426242&templateId=20210527190900dazhuanpan011&nodeId=101001&prd=cjwx
2023-12-19 14:43:18.315,下单额外加赠取暖器,jd_yGrbkdyuuMVm,18102909619,下沙新溢苑小区9幢3单元菜鸟驿站,M幸运抽奖,美的江苏旗舰店,https://lzkj-isv.isvjcloud.com/prod/cc/interactsaas/index?activityType=10021&activityId=1736992208860426242&templateId=20210527190900dazhuanpan011&nodeId=101001&prd=cjwx
2023-12-19 14:43:40.802,下单额外加赠取暖器,jd_5020bb68a9e5a,18102909619,下沙新溢苑小区9幢3单元菜鸟驿站,M幸运抽奖,美的江苏旗舰店,https://lzkj-isv.isvjcloud.com/prod/cc/interactsaas/index?activityType=10021&activityId=1736992208860426242&templateId=20210527190900dazhuanpan011&nodeId=101001&prd=cjwx
2023-12-19 14:48:04.545,下单额外加赠空气炸锅,jd_45c803bca69c1,18102909619,下沙新溢苑小区9幢3单元菜鸟驿站,M幸运抽奖,美的江苏旗舰店,https://lzkj-isv.isvjcloud.com/prod/cc/interactsaas/index?activityType=10021&activityId=1736992208860426242&templateId=20210527190900dazhuanpan011&nodeId=101001&prd=cjwx
2023-12-19 20:36:52.527,洗衣凝珠,jd_6859ef50a8cc6,18102909619,下沙新溢苑小区9幢3单元菜鸟驿站,M幸运抽奖,巴拉巴拉官方旗舰店,https://lzkj-isv.isvjcloud.com/prod/cc/interactsaas/index?activityType=10026&templateId=20210518190900jfcj011&activityId=1737084210070736897
2023-12-22 02:26:35.205,魔方插座,qq2549,18102909619,下沙新溢苑小区9幢3单元菜鸟驿站,M幸运抽奖,海康威视京东自营旗舰店,https://lzkj-isv.isvjcloud.com/prod/cc/interactsaas/index?activityType=10026&activityId=1729346729048354817&templateId=20210518190900jfcj011&nodeId=101001&prd=cjwx&adsource=tg_storePage
2024-01-04 14:51:22.819,魔方插座,jd_SkWhLngEjUdr,18102909619,下沙新溢苑小区9幢3单元菜鸟驿站,M幸运抽奖,海康威视京东自营旗舰店,https://lzkj-isv.isvjcloud.com/prod/cc/interactsaas/index?activityType=10026&activityId=1740618777310445569&templateId=20210518190900jfcj011&nodeId=101001&prd=cjwx&adsource=tg_storePage
2024-01-08 01:35:17.958,洗衣凝珠,jd_EcFWVArXoJwv,18102909619,下沙新溢苑小区9幢3单元菜鸟驿站,M幸运抽奖,巴拉巴拉官方旗舰店,https://lzkj-isv.isvjcloud.com/prod/cc/interactsaas/index?activityType=10026&templateId=20210518190900jfcj011&activityId=1743242943224795137
2024-04-12 07:53:38.421,200积分兑换花王儿童牙膏（葡萄香味）,花王妙而舒京东自营官方旗舰店,qq2549,18102909619,下沙新溢苑小区9幢3单元菜鸟驿站,M积分兑换,https://cjhy-isv.isvjcloud.com/mc/wxPointShopView/pointExgShiWu?venderId=1000102384&giftId=44d21d4e22574ed9a0671fcefd51b84f&giftType=3
